{"state": "Alabama", "potential_ratio": 12.791017633608117, "iceberg_ratio": 1.9358198328856682, "automation_gap": 10.855197800722449, "risk_threshold_used": 50, "total_occupations": 715, "occupations_at_potential_risk": 89, "occupations_at_current_risk": 2, "total_employment": 2030770.0, "potential_employment_at_risk": 180370.0, "current_employment_at_risk": 18980.0, "pct_potential_employment_at_risk": 8.881852696267918, "pct_current_employment_at_risk": 0.9346208580981598, "economic_value_total": 107598024600.0, "potential_economic_value_at_risk": 13762882300.0, "current_economic_value_at_risk": 2082903900.0, "pct_potential_economic_value_at_risk": 12.791017633608117, "pct_current_economic_value_at_risk": 1.9358198328856682, "highest_risk_industries": ["151", "111", "432"], "lowest_risk_industries": ["274", "273", "537"]}