{"state": "California", "potential_ratio": 16.145301592323225, "iceberg_ratio": 4.182602695562415, "automation_gap": 11.96269889676081, "risk_threshold_used": 50, "total_occupations": 813, "occupations_at_potential_risk": 102, "occupations_at_current_risk": 2, "total_employment": 17865040.0, "potential_employment_at_risk": 1854960.0, "current_employment_at_risk": 337330.0, "pct_potential_employment_at_risk": 10.38318414064564, "pct_current_employment_at_risk": 1.8882129567020283, "economic_value_total": 1369235458600.0, "potential_economic_value_at_risk": 221067194300.0, "current_economic_value_at_risk": 57269679200.0, "pct_potential_economic_value_at_risk": 16.145301592323225, "pct_current_economic_value_at_risk": 4.182602695562415, "highest_risk_industries": ["151", "111", "432"], "lowest_risk_industries": ["274", "273", "537"]}