{"state": "Colorado", "potential_ratio": 17.02430843898261, "iceberg_ratio": 3.6417100107664773, "automation_gap": 13.382598428216134, "risk_threshold_used": 50, "total_occupations": 751, "occupations_at_potential_risk": 95, "occupations_at_current_risk": 2, "total_employment": 2808440.0, "potential_employment_at_risk": 320050.0, "current_employment_at_risk": 51700.0, "pct_potential_employment_at_risk": 11.396006323795417, "pct_current_employment_at_risk": 1.8408796342453464, "economic_value_total": 200936748900.0, "potential_economic_value_at_risk": 34208091900.0, "current_economic_value_at_risk": 7317533700.0, "pct_potential_economic_value_at_risk": 17.02430843898261, "pct_current_economic_value_at_risk": 3.6417100107664773, "highest_risk_industries": ["151", "111", "431"], "lowest_risk_industries": ["273", "272", "537"]}