{"state": "Florida", "potential_ratio": 11.719910754560091, "iceberg_ratio": 2.0449842380986443, "automation_gap": 9.674926516461447, "risk_threshold_used": 50, "total_occupations": 788, "occupations_at_potential_risk": 98, "occupations_at_current_risk": 2, "total_employment": 9479310.0, "potential_employment_at_risk": 844470.0, "current_employment_at_risk": 98170.0, "pct_potential_employment_at_risk": 8.908559800238624, "pct_current_employment_at_risk": 1.0356239008957402, "economic_value_total": 565204273200.0, "potential_economic_value_at_risk": 66241436400.0, "current_economic_value_at_risk": 11558338300.0, "pct_potential_economic_value_at_risk": 11.719910754560091, "pct_current_economic_value_at_risk": 2.0449842380986443, "highest_risk_industries": ["151", "111", "432"], "lowest_risk_industries": ["274", "273", "537"]}