{"state": "Georgia", "potential_ratio": 12.550693160675031, "iceberg_ratio": 2.4919409473570653, "automation_gap": 10.058752213317966, "risk_threshold_used": 50, "total_occupations": 761, "occupations_at_potential_risk": 94, "occupations_at_current_risk": 2, "total_employment": 4717050.0, "potential_employment_at_risk": 410560.0, "current_employment_at_risk": 58020.0, "pct_potential_employment_at_risk": 8.70374492532409, "pct_current_employment_at_risk": 1.2300060419117882, "economic_value_total": 285327395400.0, "potential_economic_value_at_risk": 35810565900.0, "current_economic_value_at_risk": 7110190200.0, "pct_potential_economic_value_at_risk": 12.550693160675031, "pct_current_economic_value_at_risk": 2.4919409473570653, "highest_risk_industries": ["151", "111", "432"], "lowest_risk_industries": ["274", "273", "537"]}