{"state": "Indiana", "potential_ratio": 10.132294398003799, "iceberg_ratio": 0.9170465068224937, "automation_gap": 9.215247891181304, "risk_threshold_used": 50, "total_occupations": 766, "occupations_at_potential_risk": 92, "occupations_at_current_risk": 2, "total_employment": 3152810.0, "potential_employment_at_risk": 255760.0, "current_employment_at_risk": 14990.0, "pct_potential_employment_at_risk": 8.112128545646582, "pct_current_employment_at_risk": 0.4754488852801152, "economic_value_total": 177043551000.0, "potential_economic_value_at_risk": 17938573800.0, "current_economic_value_at_risk": 1623571700.0, "pct_potential_economic_value_at_risk": 10.132294398003799, "pct_current_economic_value_at_risk": 0.9170465068224937, "highest_risk_industries": ["151", "111", "432"], "lowest_risk_industries": ["274", "273", "537"]}