{"state": "Maryland", "potential_ratio": 16.210296004751516, "iceberg_ratio": 2.8476783344699523, "automation_gap": 13.362617670281564, "risk_threshold_used": 50, "total_occupations": 741, "occupations_at_potential_risk": 94, "occupations_at_current_risk": 2, "total_employment": 2657640.0, "potential_employment_at_risk": 297100.0, "current_employment_at_risk": 38140.0, "pct_potential_employment_at_risk": 11.179091223792538, "pct_current_employment_at_risk": 1.4351078400385304, "economic_value_total": 193747964200.0, "potential_economic_value_at_risk": 31407118500.0, "current_economic_value_at_risk": 5517318800.0, "pct_potential_economic_value_at_risk": 16.210296004751516, "pct_current_economic_value_at_risk": 2.8476783344699523, "highest_risk_industries": ["151", "111", "432"], "lowest_risk_industries": ["274", "273", "537"]}