{"state": "Massachusetts", "potential_ratio": 15.775919836591859, "iceberg_ratio": 3.3815176748433333, "automation_gap": 12.394402161748525, "risk_threshold_used": 50, "total_occupations": 719, "occupations_at_potential_risk": 89, "occupations_at_current_risk": 2, "total_employment": 3572120.0, "potential_employment_at_risk": 385330.0, "current_employment_at_risk": 66360.0, "pct_potential_employment_at_risk": 10.787151607448799, "pct_current_employment_at_risk": 1.857720345341142, "economic_value_total": 282380449200.0, "potential_economic_value_at_risk": 44548113300.0, "current_economic_value_at_risk": 9548744800.0, "pct_potential_economic_value_at_risk": 15.775919836591859, "pct_current_economic_value_at_risk": 3.3815176748433333, "highest_risk_industries": ["151", "111", "432"], "lowest_risk_industries": ["274", "273", "537"]}