{"state": "Michigan", "potential_ratio": 12.592417477120287, "iceberg_ratio": 1.9217795664110873, "automation_gap": 10.6706379107092, "risk_threshold_used": 50, "total_occupations": 790, "occupations_at_potential_risk": 99, "occupations_at_current_risk": 2, "total_employment": 4339020.0, "potential_employment_at_risk": 404900.0, "current_employment_at_risk": 47420.0, "pct_potential_employment_at_risk": 9.33160022309185, "pct_current_employment_at_risk": 1.0928735059990504, "economic_value_total": 262776027400.0, "potential_economic_value_at_risk": 33089854400.0, "current_economic_value_at_risk": 5049976000.0, "pct_potential_economic_value_at_risk": 12.592417477120287, "pct_current_economic_value_at_risk": 1.9217795664110873, "highest_risk_industries": ["151", "111", "432"], "lowest_risk_industries": ["274", "273", "537"]}