{"state": "Minnesota", "potential_ratio": 12.431796962336476, "iceberg_ratio": 2.5676204610487443, "automation_gap": 9.864176501287732, "risk_threshold_used": 50, "total_occupations": 736, "occupations_at_potential_risk": 88, "occupations_at_current_risk": 2, "total_employment": 2874770.0, "potential_employment_at_risk": 258930.0, "current_employment_at_risk": 41210.0, "pct_potential_employment_at_risk": 9.006981428079463, "pct_current_employment_at_risk": 1.4335059848266123, "economic_value_total": 191058132400.0, "potential_economic_value_at_risk": 23751959100.0, "current_economic_value_at_risk": 4905647700.0, "pct_potential_economic_value_at_risk": 12.431796962336476, "pct_current_economic_value_at_risk": 2.5676204610487443, "highest_risk_industries": ["151", "111", "432"], "lowest_risk_industries": ["274", "273", "537"]}