{"state": "Missouri", "potential_ratio": 9.758319229290038, "iceberg_ratio": 1.3660435279700904, "automation_gap": 8.392275701319948, "risk_threshold_used": 50, "total_occupations": 745, "occupations_at_potential_risk": 91, "occupations_at_current_risk": 2, "total_employment": 2862070.0, "potential_employment_at_risk": 211500.0, "current_employment_at_risk": 21470.0, "pct_potential_employment_at_risk": 7.389756365148302, "pct_current_employment_at_risk": 0.7501563553651728, "economic_value_total": 162840272250.0, "potential_economic_value_at_risk": 15890473600.0, "current_economic_value_at_risk": 2224469000.0, "pct_potential_economic_value_at_risk": 9.758319229290038, "pct_current_economic_value_at_risk": 1.3660435279700904, "highest_risk_industries": ["151", "111", "432"], "lowest_risk_industries": ["274", "273", "537"]}