{"state": "New York", "potential_ratio": 12.21177026068938, "iceberg_ratio": 2.3726719134504255, "automation_gap": 9.839098347238956, "risk_threshold_used": 50, "total_occupations": 790, "occupations_at_potential_risk": 97, "occupations_at_current_risk": 2, "total_employment": 9297780.0, "potential_employment_at_risk": 802960.0, "current_employment_at_risk": 117210.0, "pct_potential_employment_at_risk": 8.636040000946462, "pct_current_employment_at_risk": 1.2606235036750708, "economic_value_total": 728173545700.0, "potential_economic_value_at_risk": 88922880500.0, "current_economic_value_at_risk": 17277169200.0, "pct_potential_economic_value_at_risk": 12.21177026068938, "pct_current_economic_value_at_risk": 2.3726719134504255, "highest_risk_industries": ["151", "111", "432"], "lowest_risk_industries": ["274", "273", "537"]}