{"state": "New Jersey", "potential_ratio": 15.048604859729167, "iceberg_ratio": 2.6317966627993132, "automation_gap": 12.416808196929853, "risk_threshold_used": 50, "total_occupations": 752, "occupations_at_potential_risk": 98, "occupations_at_current_risk": 2, "total_employment": 4189240.0, "potential_employment_at_risk": 471060.0, "current_employment_at_risk": 61110.0, "pct_potential_employment_at_risk": 11.244521679349953, "pct_current_employment_at_risk": 1.458737145639782, "economic_value_total": 308480902600.0, "potential_economic_value_at_risk": 46422072100.0, "current_economic_value_at_risk": 8118590100.0, "pct_potential_economic_value_at_risk": 15.048604859729167, "pct_current_economic_value_at_risk": 2.6317966627993132, "highest_risk_industries": ["151", "111", "432"], "lowest_risk_industries": ["274", "273", "537"]}