{"state": "North Carolina", "potential_ratio": 14.858578238681586, "iceberg_ratio": 3.0002653147588645, "automation_gap": 11.858312923922721, "risk_threshold_used": 50, "total_occupations": 773, "occupations_at_potential_risk": 96, "occupations_at_current_risk": 2, "total_employment": 4757530.0, "potential_employment_at_risk": 475490.0, "current_employment_at_risk": 66980.0, "pct_potential_employment_at_risk": 9.994471921354148, "pct_current_employment_at_risk": 1.4078734133048032, "economic_value_total": 283784815900.0, "potential_economic_value_at_risk": 42166388900.0, "current_economic_value_at_risk": 8514297400.0, "pct_potential_economic_value_at_risk": 14.858578238681586, "pct_current_economic_value_at_risk": 3.0002653147588645, "highest_risk_industries": ["151", "111", "432"], "lowest_risk_industries": ["274", "273", "537"]}