{"state": "Ohio", "potential_ratio": 11.10819833798916, "iceberg_ratio": 1.5793702791003899, "automation_gap": 9.52882805888877, "risk_threshold_used": 50, "total_occupations": 788, "occupations_at_potential_risk": 98, "occupations_at_current_risk": 2, "total_employment": 5465330.0, "potential_employment_at_risk": 461630.0, "current_employment_at_risk": 46750.0, "pct_potential_employment_at_risk": 8.446516495801717, "pct_current_employment_at_risk": 0.8553920806245917, "economic_value_total": 326574620800.0, "potential_economic_value_at_risk": 36276556600.0, "current_economic_value_at_risk": 5157822500.0, "pct_potential_economic_value_at_risk": 11.10819833798916, "pct_current_economic_value_at_risk": 1.5793702791003899, "highest_risk_industries": ["151", "111", "432"], "lowest_risk_industries": ["274", "273", "537"]}