{"state": "Oregon", "potential_ratio": 13.275192730668028, "iceberg_ratio": 2.380604677770766, "automation_gap": 10.894588052897262, "risk_threshold_used": 50, "total_occupations": 745, "occupations_at_potential_risk": 90, "occupations_at_current_risk": 2, "total_employment": 1936250.0, "potential_employment_at_risk": 181460.0, "current_employment_at_risk": 23820.0, "pct_potential_employment_at_risk": 9.371723692704972, "pct_current_employment_at_risk": 1.230213040671401, "economic_value_total": 128336062200.0, "potential_economic_value_at_risk": 17036859600.0, "current_economic_value_at_risk": 3055174300.0, "pct_potential_economic_value_at_risk": 13.275192730668028, "pct_current_economic_value_at_risk": 2.380604677770766, "highest_risk_industries": ["151", "111", "432"], "lowest_risk_industries": ["274", "273", "537"]}