{"state": "Texas", "potential_ratio": 13.253245363763538, "iceberg_ratio": 2.3857112411296457, "automation_gap": 10.867534122633892, "risk_threshold_used": 50, "total_occupations": 807, "occupations_at_potential_risk": 103, "occupations_at_current_risk": 2, "total_employment": 13521120.0, "potential_employment_at_risk": 1257930.0, "current_employment_at_risk": 160580.0, "pct_potential_employment_at_risk": 9.303445276722638, "pct_current_employment_at_risk": 1.1876235104784219, "economic_value_total": 827001854200.0, "potential_economic_value_at_risk": 109604584900.0, "current_economic_value_at_risk": 19729876200.0, "pct_potential_economic_value_at_risk": 13.253245363763538, "pct_current_economic_value_at_risk": 2.3857112411296457, "highest_risk_industries": ["151", "111", "432"], "lowest_risk_industries": ["274", "273", "537"]}