{"state": "Utah", "potential_ratio": 14.850805626635127, "iceberg_ratio": 3.3770460827011033, "automation_gap": 11.473759543934024, "risk_threshold_used": 50, "total_occupations": 733, "occupations_at_potential_risk": 95, "occupations_at_current_risk": 2, "total_employment": 1662540.0, "potential_employment_at_risk": 177200.0, "current_employment_at_risk": 28990.0, "pct_potential_employment_at_risk": 10.658390174071, "pct_current_employment_at_risk": 1.7437174443923156, "economic_value_total": 100765666700.0, "potential_economic_value_at_risk": 14964513300.0, "current_economic_value_at_risk": 3402903000.0, "pct_potential_economic_value_at_risk": 14.850805626635127, "pct_current_economic_value_at_risk": 3.3770460827011033, "highest_risk_industries": ["151", "111", "419"], "lowest_risk_industries": ["272", "537", "454"]}