{"state": "Virginia", "potential_ratio": 18.667896473083214, "iceberg_ratio": 4.920166245089555, "automation_gap": 13.74773022799366, "risk_threshold_used": 50, "total_occupations": 764, "occupations_at_potential_risk": 96, "occupations_at_current_risk": 2, "total_employment": 3956750.0, "potential_employment_at_risk": 506610.0, "current_employment_at_risk": 95800.0, "pct_potential_employment_at_risk": 12.803689897011436, "pct_current_employment_at_risk": 2.4211789979149554, "economic_value_total": 267693296200.0, "potential_economic_value_at_risk": 49972707400.0, "current_economic_value_at_risk": 13170955200.0, "pct_potential_economic_value_at_risk": 18.667896473083214, "pct_current_economic_value_at_risk": 4.920166245089555, "highest_risk_industries": ["151", "111", "432"], "lowest_risk_industries": ["274", "273", "537"]}