{"state": "Washington", "potential_ratio": 18.611654835268638, "iceberg_ratio": 5.814395109601697, "automation_gap": 12.79725972566694, "risk_threshold_used": 50, "total_occupations": 776, "occupations_at_potential_risk": 100, "occupations_at_current_risk": 2, "total_employment": 3478890.0, "potential_employment_at_risk": 435060.0, "current_employment_at_risk": 99950.0, "pct_potential_employment_at_risk": 12.505713029155851, "pct_current_employment_at_risk": 2.873042838376609, "economic_value_total": 268180331850.0, "potential_economic_value_at_risk": 49912797700.0, "current_economic_value_at_risk": 15593064100.0, "pct_potential_economic_value_at_risk": 18.611654835268638, "pct_current_economic_value_at_risk": 5.814395109601697, "highest_risk_industries": ["151", "111", "432"], "lowest_risk_industries": ["274", "273", "537"]}